adult,backdrop_path,belongs_to_collection,budget,genres,homepage,id,imdb_id,origin_country,original_language,original_title,overview,popularity,poster_path,production_companies,production_countries,release_date,revenue,runtime,spoken_languages,status,tagline,title,video,vote_average,vote_count,actors_actresses
False,/tncbMvfV0V07UZozXdBEq4Wu9HH.jpg,"{'id': 14890, 'name': 'Bad Boys Collection', 'poster_path': '/iB59poJBofg1ciKlu6LzZakf11m.jpg', 'backdrop_path': '/k9hhSHg5GS4UgWQC6MHBOZrarji.jpg'}",100000000,[],https://www.badboys.movie,573435,tt4919268,['US'],en,Bad Boys: Ride or Die,"After their late former Captain is framed, Lowrey and Burnett try to clear his name, only to end up on the run themselves.",8530.679,/nP6RliHjxsz4irTKsxe8FRhKZYl.jpg,"[{'id': 122771, 'logo_path': '/bYRqVEAuaC1QWmt3hGo0PMdK7EX.png', 'name': 'Westbrook', 'origin_country': 'US'}, {'id': 5, 'logo_path': '/71BqEFAF4V3qjjMPCpLuyJFB9A.png', 'name': 'Columbia Pictures', 'origin_country': 'US'}, {'id': 10288, 'logo_path': '/Aszf09kIVXR6cwG9lwjZIawbYVS.png', 'name': 'Don Simpson/Jerry Bruckheimer Films', 'origin_country': 'US'}, {'id': 84792, 'logo_path': '/7Rfr3Zu6QnHpXW2VdSEzUminAQd.png', 'name': '2.0 Entertainment', 'origin_country': 'US'}]","[{'iso_3166_1': 'US', 'name': 'United States of America'}]",2024-06-05,388242778,115,"[{'english_name': 'English', 'iso_639_1': 'en', 'name': 'English'}]",Released,Miami's finest are now its most wanted.,Bad Boys: Ride or Die,False,7.587,982,"['Will Smith', 'Martin Lawrence', 'Vanessa Hudgens', 'Alexander Ludwig', 'Paola Nuñez']"
False,/stKGOm8UyhuLPR9sZLjs5AkmncA.jpg,"{'id': 1022790, 'name': 'Inside Out Collection', 'poster_path': '/Apr19lGxP7gm6y2HQX0kqOXTtqC.jpg', 'backdrop_path': '/7U2m2dMSIfHx2gWXKq78Xj1weuH.jpg'}",200000000,[],https://movies.disney.com/inside-out-2,1022789,tt22022452,['US'],en,Inside Out 2,"Teenager Riley's mind headquarters is undergoing a sudden demolition to make room for something entirely unexpected: new Emotions! Joy, Sadness, Anger, Fear and Disgust, who’ve long been running a successful operation by all accounts, aren’t sure how to feel when Anxiety shows up. And it looks like she’s not alone.",4433.962,/vpnVM9B6NMmQpWeZvzLvDESb2QY.jpg,"[{'id': 2, 'logo_path': '/wdrCwmRnLFJhEoH8GSfymY85KHT.png', 'name': 'Walt Disney Pictures', 'origin_country': 'US'}, {'id': 3, 'logo_path': '/1TjvGVDMYsj6JBxOAkUHpPEwLf7.png', 'name': 'Pixar', 'origin_country': 'US'}]","[{'iso_3166_1': 'US', 'name': 'United States of America'}]",2024-06-11,1443875604,97,"[{'english_name': 'English', 'iso_639_1': 'en', 'name': 'English'}]",Released,Make room for new emotions.,Inside Out 2,False,7.632,2094,"['Amy Poehler', 'Maya Hawke', 'Kensington Tallman', 'Liza Lapira', 'Phyllis Smith']"
False,/9l1eZiJHmhr5jIlthMdJN5WYoff.jpg,"{'id': 448150, 'name': 'Deadpool Collection', 'poster_path': '/30c5jO7YEXuF8KiWXLg9m28GWDA.jpg', 'backdrop_path': '/hBQOWY8qWXJVFAc8yLTh1teIu43.jpg'}",200000000,[],https://www.marvel.com/movies/deadpool-and-wolverine,533535,tt6263850,['US'],en,Deadpool & Wolverine,"A listless Wade Wilson toils away in civilian life with his days as the morally flexible mercenary, Deadpool, behind him. But when his homeworld faces an existential threat, Wade must reluctantly suit-up again with an even more reluctant Wolverine.",4270.83,/8cdWjvZQUExUUTzyp4t6EDMubfO.jpg,"[{'id': 420, 'logo_path': '/hUzeosd33nzE5MCNsZxCGEKTXaQ.png', 'name': 'Marvel Studios', 'origin_country': 'US'}, {'id': 104228, 'logo_path': '/hx0C1XcSxGgat8N62GpxoJGTkCk.png', 'name': 'Maximum Effort', 'origin_country': 'US'}, {'id': 2575, 'logo_path': '/9YJrHYlcfHtwtulkFMAies3aFEl.png', 'name': '21 Laps Entertainment', 'origin_country': 'US'}, {'id': 22213, 'logo_path': '/qx9K6bFWJupwde0xQDwOvXkOaL8.png', 'name': 'TSG Entertainment', 'origin_country': 'US'}, {'id': 127928, 'logo_path': '/h0rjX5vjW5r8yEnUBStFarjcLT4.png', 'name': '20th Century Studios', 'origin_country': 'US'}]","[{'iso_3166_1': 'US', 'name': 'United States of America'}]",2024-07-24,211100000,128,"[{'english_name': 'English', 'iso_639_1': 'en', 'name': 'English'}]",Released,Come together.,Deadpool & Wolverine,False,8.143,462,"['Ryan Reynolds', 'Hugh Jackman', 'Emma Corrin', 'Matthew Macfadyen', 'Morena Baccarin']"
False,/5g2n3ilC8DpYv4diJeuQ1vKG2Kb.jpg,"{'id': 86066, 'name': 'Despicable Me Collection', 'poster_path': '/95prV91f4DxkBnLU43YjLbU1m3q.jpg', 'backdrop_path': '/37xamYKRUGCRux532lKcZdVGYuR.jpg'}",100000000,[],https://www.despicable.me,519182,tt7510222,['US'],en,Despicable Me 4,"Gru and Lucy and their girls — Margo, Edith and Agnes — welcome a new member to the Gru family, Gru Jr., who is intent on tormenting his dad. Meanwhile, Gru faces a new nemesis in Maxime Le Mal and his femme fatale girlfriend Valentina, forcing the family to go on the run.",3342.806,/wWba3TaojhK7NdycRhoQpsG0FaH.jpg,"[{'id': 6704, 'logo_path': '/fOG2oY4m1YuYTQh4bMqqZkmgOAI.png', 'name': 'Illumination', 'origin_country': 'US'}, {'id': 33, 'logo_path': '/8lvHyhjr8oUKOOy2dKXoALWKdp0.png', 'name': 'Universal Pictures', 'origin_country': 'US'}]","[{'iso_3166_1': 'US', 'name': 'United States of America'}]",2024-06-20,580680150,94,"[{'english_name': 'English', 'iso_639_1': 'en', 'name': 'English'}]",Released,Things just got a little more despicable.,Despicable Me 4,False,7.223,421,"['Steve Carell', 'Kristen Wiig', 'Joey King', 'Will Ferrell', 'Sofía Vergara']"
False,/dsGwCEO8tda4FlgHKvL95f0oQbH.jpg,"{'id': 1178688, 'name': 'Justice League (Tomorrowverse) Collection', 'poster_path': '/wqU63rtzsgw1wfZ4BJcReEDP54n.jpg', 'backdrop_path': None}",0,[],https://www.warnerbros.com/movies/justice-league-crisis-infinite-earths-part-three,1209290,tt30150917,['US'],en,Justice League: Crisis on Infinite Earths Part Three,"Now fully revealed as the ultimate threat to existence, the Anti-Monitor wages an unrelenting attack on the surviving Earths that struggle for survival in a pocket universe. One by one, these worlds and all their inhabitants are vaporized! On the planets that remain, even time itself is shattered, and heroes from the past join the Justice League and their rag-tag allies against the epitome of evil. But as they make their last stand, will the sacrifice of the superheroes be enough to save us all?",1865.202,/a3q8NkM8uTh9E23VsbUOdDSbBeN.jpg,"[{'id': 2785, 'logo_path': '/l5zW8jjmQOCx2dFmvnmbYmqoBmL.png', 'name': 'Warner Bros. Animation', 'origin_country': 'US'}, {'id': 9993, 'logo_path': '/2Tc1P3Ac8M479naPp1kYT3izLS5.png', 'name': 'DC Entertainment', 'origin_country': 'US'}]","[{'iso_3166_1': 'US', 'name': 'United States of America'}]",2024-07-16,0,99,"[{'english_name': 'English', 'iso_639_1': 'en', 'name': 'English'}]",Released,,Justice League: Crisis on Infinite Earths Part Three,False,7.718,94,"['Jensen Ackles', 'Darren Criss', 'Corey Stoll', 'Gideon Adlon', 'Ike Amadi']"
False,/iIvjwrDPQHCU4NjbbKpNs88uk6G.jpg,"{'id': 1090373, 'name': 'My Spy Collection', 'poster_path': '/kC0TeCKr0w9i6auc8LDowqSw6v0.jpg', 'backdrop_path': '/angv94i35QiS5bq8J02hrLSDF5q.jpg'}",0,[],https://www.amazon.com/dp/B0CXCN6338,1048241,tt12930350,['US'],en,My Spy The Eternal City,"JJ, a veteran CIA agent, reunites with his protégé Sophie, in order to prevent a catastrophic nuclear plot targeting the Vatican.",1779.721,/Bf3vCfM94bSJ1saZlyi0UW0e0U.jpg,"[{'id': 47729, 'logo_path': '/bAxh897TGgdR0Py6wdd0UuE147Z.png', 'name': 'STXfilms', 'origin_country': 'US'}, {'id': 36209, 'logo_path': '/doQEl9S1rg0l0NEtpkxf0N46OHQ.png', 'name': 'MWM Studios', 'origin_country': 'US'}, {'id': 103698, 'logo_path': '/qS01bSMe274ecTdrgyO3BBvzfKK.png', 'name': 'Good Fear', 'origin_country': 'US'}, {'id': 183234, 'logo_path': None, 'name': 'Dogbone Entertainment', 'origin_country': 'US'}, {'id': 210099, 'logo_path': '/d6HwljzlOzxJ4tXlrpRkNZaZMWL.png', 'name': 'Amazon MGM Studios', 'origin_country': 'US'}]","[{'iso_3166_1': 'US', 'name': 'United States of America'}]",2024-07-18,0,112,"[{'english_name': 'English', 'iso_639_1': 'en', 'name': 'English'}]",Released,Rome isn't ready.,My Spy The Eternal City,False,6.783,138,"['Dave Bautista', 'Chloe Coleman', 'Kristen Schaal', 'Ken Jeong', 'Anna Faris']"
False,/Akv9GlCCMrzcDkVz4ad8MdLl9DK.jpg,,60000000,[],https://www.thegarfield-movie.com/,748783,tt5779228,"['US', 'GB']",en,The Garfield Movie,"Garfield, the world-famous, Monday-hating, lasagna-loving indoor cat, is about to have a wild outdoor adventure! After an unexpected reunion with his long-lost father – scruffy street cat Vic – Garfield and his canine friend Odie are forced from their perfectly pampered life into joining Vic in a hilarious, high-stakes heist.",1701.294,/p6AbOJvMQhBmffd0PIv0u8ghWeY.jpg,"[{'id': 1088, 'logo_path': '/9WOE5AQUXbOtLU6GTwfjS8OMF0v.png', 'name': 'Alcon Entertainment', 'origin_country': 'US'}, {'id': 31922, 'logo_path': '/omWPoru2LNayUOBqjMBLP9KrFrP.png', 'name': 'DNEG', 'origin_country': 'GB'}, {'id': 144610, 'logo_path': '/879WnwsOH1oP6NlLY7ChD6vL6lh.png', 'name': 'Wayfarer Studios', 'origin_country': 'US'}, {'id': 129773, 'logo_path': None, 'name': 'One Cool Group', 'origin_country': 'HK'}, {'id': 11341, 'logo_path': '/xytTBODEy3p20ksHL4Ftxr483Iv.png', 'name': 'Stage 6 Films', 'origin_country': 'US'}, {'id': 229807, 'logo_path': '/p8IO8N3bIaWaebafj52xvVB1On6.png', 'name': 'Andrews McMeel Entertainment', 'origin_country': 'US'}, {'id': 178792, 'logo_path': None, 'name': 'John Cohen Productions', 'origin_country': 'US'}]","[{'iso_3166_1': 'HK', 'name': 'Hong Kong'}, {'iso_3166_1': 'GB', 'name': 'United Kingdom'}, {'iso_3166_1': 'US', 'name': 'United States of America'}]",2024-04-30,220506337,101,"[{'english_name': 'English', 'iso_639_1': 'en', 'name': 'English'}]",Released,Indoor cat. Outdoor adventure.,The Garfield Movie,False,7.237,577,"['Chris Pratt', 'Samuel L. Jackson', 'Hannah Waddingham', 'Ving Rhames', 'Nicholas Hoult']"
False,/fqv8v6AycXKsivp1T5yKtLbGXce.jpg,"{'id': 173710, 'name': 'Planet of the Apes (Reboot) Collection', 'poster_path': '/afGkMC4HF0YtXYNkyfCgTDLFe6m.jpg', 'backdrop_path': '/2ZkvqfOJUCINozB00wmYuGJQW81.jpg'}",160000000,[],https://www.20thcenturystudios.com/movies/kingdom-of-the-planet-of-the-apes,653346,tt11389872,['US'],en,Kingdom of the Planet of the Apes,"Several generations following Caesar's reign, apes – now the dominant species – live harmoniously while humans have been reduced to living in the shadows. As a new tyrannical ape leader builds his empire, one young ape undertakes a harrowing journey that will cause him to question all he's known about the past and to make choices that will define a future for apes and humans alike.",1649.421,/gKkl37BQuKTanygYQG1pyYgLVgf.jpg,"[{'id': 127928, 'logo_path': '/h0rjX5vjW5r8yEnUBStFarjcLT4.png', 'name': '20th Century Studios', 'origin_country': 'US'}, {'id': 133024, 'logo_path': None, 'name': 'Oddball Entertainment', 'origin_country': 'US'}, {'id': 89254, 'logo_path': None, 'name': 'Jason T. Reed Productions', 'origin_country': 'US'}]","[{'iso_3166_1': 'US', 'name': 'United States of America'}]",2024-05-08,396246195,145,"[{'english_name': 'English', 'iso_639_1': 'en', 'name': 'English'}]",Released,No one can stop the reign.,Kingdom of the Planet of the Apes,False,7.168,2100,"['Owen Teague', 'Freya Allan', 'Kevin Durand', 'Peter Macon', 'William H. Macy']"
False,/wNAhuOZ3Zf84jCIlrcI6JhgmY5q.jpg,"{'id': 8945, 'name': 'Mad Max Collection', 'poster_path': '/9U9QmbCDIBhqDShuIxOiS9gjKYz.jpg', 'backdrop_path': '/fhv3dWOuzeW9eXOSlr8MCHwo24t.jpg'}",170000000,[],https://www.furiosaamadmaxsaga.com,786892,tt12037194,"['AU', 'US']",en,Furiosa: A Mad Max Saga,"As the world fell, young Furiosa is snatched from the Green Place of Many Mothers and falls into the hands of a great Biker Horde led by the Warlord Dementus. Sweeping through the Wasteland they come across the Citadel presided over by The Immortan Joe. While the two Tyrants war for dominance, Furiosa must survive many trials as she puts together the means to find her way home.",1464.685,/iADOJ8Zymht2JPMoy3R7xceZprc.jpg,"[{'id': 174, 'logo_path': '/zhD3hhtKB5qyv7ZeL4uLpNxgMVU.png', 'name': 'Warner Bros. Pictures', 'origin_country': 'US'}, {'id': 28382, 'logo_path': '/xqE1fjLynj3RaZca9chctZQyfzZ.png', 'name': 'Kennedy Miller Mitchell', 'origin_country': 'AU'}, {'id': 216687, 'logo_path': None, 'name': 'Domain Entertainment', 'origin_country': 'US'}]","[{'iso_3166_1': 'AU', 'name': 'Australia'}, {'iso_3166_1': 'US', 'name': 'United States of America'}]",2024-05-22,172775791,149,"[{'english_name': 'English', 'iso_639_1': 'en', 'name': 'English'}]",Released,Fury is born.,Furiosa: A Mad Max Saga,False,7.651,2328,"['Anya Taylor-Joy', 'Chris Hemsworth', 'Tom Burke', 'Alyla Browne', 'George Shevtsov']"
False,/dn3gbDpXPSwC6saMJOHkCiFA9jn.jpg,"{'id': 466463, 'name': 'Descendants Collection', 'poster_path': '/dw02BxDYnmqW4h0t0qA0T3hd5MZ.jpg', 'backdrop_path': '/bPLL28xj5MqCBYiaixG4yMYKkpe.jpg'}",0,[],https://www.disneyplus.com/movies/descendants-the-rise-of-red/pa71YxxSEaY2,974262,tt20202136,['US'],en,Descendants: The Rise of Red,"After the Queen of Hearts incites a coup on Auradon, her rebellious daughter Red and Cinderella's perfectionist daughter Chloe join forces and travel back in time to try to undo the traumatic event that set Red's mother down her villainous path.",1401.886,/8fYluTtB3b3HKO7KQa5tzrvGaps.jpg,"[{'id': 670, 'logo_path': '/rRGi5UkwvdOPSfr5Xf42RZUsYgd.png', 'name': 'Walt Disney Television', 'origin_country': 'US'}, {'id': 91921, 'logo_path': None, 'name': 'Suzanne Todd Productions', 'origin_country': 'US'}, {'id': 233782, 'logo_path': None, 'name': 'Potato Monkey Productions', 'origin_country': 'US'}, {'id': 146807, 'logo_path': None, 'name': 'GWave Productions', 'origin_country': 'US'}]","[{'iso_3166_1': 'US', 'name': 'United States of America'}]",2024-07-11,0,92,"[{'english_name': 'English', 'iso_639_1': 'en', 'name': 'English'}]",Released,There's a new way to be wicked.,Descendants: The Rise of Red,False,7.148,192,"['Kylie Cantrall', 'Malia Baker', 'Ruby Rose Turner', 'Morgan Dudley', 'Dara Reneé']"
False,/wPNI1fd18z5TKBOK9Mv9Rfjb0j0.jpg,,0,[],,729165,tt12661008,['US'],en,Out of Exile,"Recently paroled thief Gabriel Russell tries to balance his life and mend a troubled family as an FBI agent hunts him down, along with his crew after a botched armored car robbery.",1252.104,/jgF5XaXnJmOgMxulhy2k1f9LNNc.jpg,"[{'id': 55289, 'logo_path': None, 'name': 'Through Films', 'origin_country': 'US'}, {'id': 188318, 'logo_path': None, 'name': 'SafeHouse Films', 'origin_country': 'US'}]","[{'iso_3166_1': 'US', 'name': 'United States of America'}]",2023-01-20,0,107,"[{'english_name': 'English', 'iso_639_1': 'en', 'name': 'English'}]",Released,,Out of Exile,False,6.339,28,"['Adam Hampton', 'Karrie Cox', 'Kyle Jacob Henry', 'Ryan Merriman', 'Peter Greene']"
False,/en971MEXui9diirXlogOrPKmsEn.jpg,"{'id': 448150, 'name': 'Deadpool Collection', 'poster_path': '/30c5jO7YEXuF8KiWXLg9m28GWDA.jpg', 'backdrop_path': '/hBQOWY8qWXJVFAc8yLTh1teIu43.jpg'}",58000000,[],https://www.20thcenturystudios.com/movies/deadpool,293660,tt1431045,['US'],en,Deadpool,"The origin story of former Special Forces operative turned mercenary Wade Wilson, who, after being subjected to a rogue experiment that leaves him with accelerated healing powers, adopts the alter ego Deadpool. Armed with his new abilities and a dark, twisted sense of humor, Deadpool hunts down the man who nearly destroyed his life.",1230.482,/3E53WEZJqP6aM84D8CckXx4pIHw.jpg,"[{'id': 25, 'logo_path': '/qZCc1lty5FzX30aOCVRBLzaVmcp.png', 'name': '20th Century Fox', 'origin_country': 'US'}, {'id': 431, 'logo_path': '/6dcR1MbRqYgt3jUVYxkHe68GFnZ.png', 'name': ""The Donners' Company"", 'origin_country': 'US'}, {'id': 28788, 'logo_path': '/Aqomtf9oh5dKtxBNEagkdlp3aGv.png', 'name': 'Genre Films', 'origin_country': 'US'}, {'id': 7505, 'logo_path': '/837VMM4wOkODc1idNxGT0KQJlej.png', 'name': 'Marvel Entertainment', 'origin_country': 'US'}]","[{'iso_3166_1': 'US', 'name': 'United States of America'}]",2016-02-09,782837347,108,"[{'english_name': 'English', 'iso_639_1': 'en', 'name': 'English'}]",Released,Feel the love.,Deadpool,False,7.618,30254,"['Ryan Reynolds', 'Morena Baccarin', 'Ed Skrein', 'T.J. Miller', 'Gina Carano']"
False,/59AJ2w9tKRSbBpnxKfB5UyIg6Jf.jpg,"{'id': 1172926, 'name': 'The Strangers (Remake) Collection', 'poster_path': '/q4fqjcz2oznw9sVZKtt2VS9RItc.jpg', 'backdrop_path': '/hdZOFF3lhHzLqLExiCZtxKJVV1e.jpg'}",8500000,[],https://thestrangers.movie,1010600,tt22050754,['US'],en,The Strangers: Chapter 1,"After their car breaks down in an eerie small town, a young couple are forced to spend the night in a remote cabin. Panic ensues as they are terrorized by three masked strangers who strike with no mercy and seemingly no motives.",1098.172,/cdFZoQDxLRRWXLB3kxCnc674dBF.jpg,"[{'id': 200342, 'logo_path': None, 'name': 'Fifth Element Productions', 'origin_country': 'US'}, {'id': 175756, 'logo_path': None, 'name': 'Sherbone Media', 'origin_country': 'US'}, {'id': 9987, 'logo_path': '/o5OTKAw7Acl5fTZYPyl8M8D9570.png', 'name': 'Lipsync Productions', 'origin_country': 'GB'}, {'id': 229418, 'logo_path': None, 'name': 'Stream Media', 'origin_country': 'US'}, {'id': 1632, 'logo_path': '/cisLn1YAUuptXVBa0xjq7ST9cH0.png', 'name': 'Lionsgate', 'origin_country': 'US'}, {'id': 233688, 'logo_path': None, 'name': 'Hasbula Productions', 'origin_country': 'ES'}, {'id': 233689, 'logo_path': None, 'name': 'The Strangers Films Limited', 'origin_country': 'GB'}, {'id': 233690, 'logo_path': None, 'name': 'Frame Film SK', 'origin_country': 'SK'}, {'id': 829, 'logo_path': '/aXqwCvJSCDbTclkxAYfsT1l4Dsa.png', 'name': 'Vertigo Entertainment', 'origin_country': 'US'}]","[{'iso_3166_1': 'SK', 'name': 'Slovakia'}, {'iso_3166_1': 'ES', 'name': 'Spain'}, {'iso_3166_1': 'GB', 'name': 'United Kingdom'}, {'iso_3166_1': 'US', 'name': 'United States of America'}]",2024-05-15,42452206,91,"[{'english_name': 'English', 'iso_639_1': 'en', 'name': 'English'}]",Released,They don't need a reason.,The Strangers: Chapter 1,False,5.887,216,"['Madelaine Petsch', 'Froy Gutierrez', 'Gabriel Basso', 'Ema Horvath', 'Richard Brake']"
False,/2RVcJbWFmICRDsVxRI8F5xRmRsK.jpg,,67000000,[],https://www.aquietplacemovie.com,762441,tt13433802,['US'],en,A Quiet Place: Day One,"As New York City is invaded by alien creatures who hunt by sound, a woman named Sam fights to survive with her cat.",931.012,/hU42CRk14JuPEdqZG3AWmagiPAP.jpg,"[{'id': 4, 'logo_path': '/gz66EfNoYPqHTYI4q9UEN4CbHRc.png', 'name': 'Paramount Pictures', 'origin_country': 'US'}, {'id': 2481, 'logo_path': '/vOQg26GjR0LnkN1Ph9uyog1UuOE.png', 'name': 'Platinum Dunes', 'origin_country': 'US'}, {'id': 29312, 'logo_path': '/v6aLhoAviWYkfOksBJTd9XbO0YH.png', 'name': 'Sunday Night Productions', 'origin_country': 'US'}]","[{'iso_3166_1': 'US', 'name': 'United States of America'}]",2024-06-26,241911350,99,"[{'english_name': 'English', 'iso_639_1': 'en', 'name': 'English'}]",Released,Hear how it all began.,A Quiet Place: Day One,False,6.8,506,"[""Lupita Nyong'o"", 'Joseph Quinn', 'Alex Wolff', 'Djimon Hounsou', 'Eliane Umuhire']"
False,/9Y9wTgrMk4G1YNPDDekNk7dybwx.jpg,,0,[],,1152624,tt21158192,['US'],en,3 Days in Malay,"Marines stationed at an airfield in Malay during WWII get wind of a coming raid by the Japanese. Unable to get reinforcements approved, they engage in a harrowing 3-day battle against enemy forces.",930.881,/hqnfqeCILvgKGWKOut5lVdxdeJh.jpg,[],"[{'iso_3166_1': 'US', 'name': 'United States of America'}]",2023-08-11,0,99,"[{'english_name': 'English', 'iso_639_1': 'en', 'name': 'English'}]",Released,,3 Days in Malay,False,5.5,13,"['Louis Mandylor', 'Donald Cerrone', ""Quinton 'Rampage' Jackson"", 'Peter Dobson', 'Ryan Francis']"
False,/rrwt0u1rW685u9bJ9ougg5HJEHC.jpg,"{'id': 85861, 'name': 'Beverly Hills Cop Collection', 'poster_path': '/whjkHIzJ0Kiei6V7z5NaIyvFKQm.jpg', 'backdrop_path': '/k0DEUZqbB9bVcm2NsVaMkdd4Vs8.jpg'}",150000000,[],https://www.netflix.com/title/81076856,280180,tt3083016,['US'],en,Beverly Hills Cop: Axel F,"Forty years after his unforgettable first case in Beverly Hills, Detroit cop Axel Foley returns to do what he does best: solve crimes and cause chaos.",908.004,/zszRKfzjM5jltiq8rk6rasKVpUv.jpg,"[{'id': 10288, 'logo_path': '/Aszf09kIVXR6cwG9lwjZIawbYVS.png', 'name': 'Don Simpson/Jerry Bruckheimer Films', 'origin_country': 'US'}, {'id': 30, 'logo_path': None, 'name': 'Eddie Murphy Productions', 'origin_country': 'US'}]","[{'iso_3166_1': 'US', 'name': 'United States of America'}]",2024-06-20,0,118,"[{'english_name': 'English', 'iso_639_1': 'en', 'name': 'English'}]",Released,,Beverly Hills Cop: Axel F,False,6.909,712,"['Eddie Murphy', 'Joseph Gordon-Levitt', 'Taylour Paige', 'Judge Reinhold', 'John Ashton']"
False,/oSJV6nAfHzyE9v6oEAXmDjbko00.jpg,,0,[],,943344,tt19638448,['CN'],zh,地底怪物,"Near a remote town, the repeated dumping of toxic waste causes an underground cave dweller to mutate into a hideous monster. A construction team that is digging a tunnel accidentally disturb the creature's habitat causing it to attack.",888.404,/lWVwWRLqpS1OaNg7KT0ZecSW0PK.jpg,[],"[{'iso_3166_1': 'CN', 'name': 'China'}]",2023-04-27,0,90,"[{'english_name': 'Mandarin', 'iso_639_1': 'zh', 'name': '普通话'}]",Released,,Underground Monster,False,3.7,6,"['Wei Wei', 'Wei Lu', 'Zhang Chunzhong', 'Yue Dongfeng', 'Li Ruoxi']"
False,/3P52oz9HPQWxcwHOwxtyrVV1LKi.jpg,"{'id': 448150, 'name': 'Deadpool Collection', 'poster_path': '/30c5jO7YEXuF8KiWXLg9m28GWDA.jpg', 'backdrop_path': '/hBQOWY8qWXJVFAc8yLTh1teIu43.jpg'}",110000000,[],https://www.20thcenturystudios.com/movies/deadpool-2,383498,tt5463162,['US'],en,Deadpool 2,Wisecracking mercenary Deadpool battles the evil and powerful Cable and other bad guys to save a boy's life.,886.137,/to0spRl1CMDvyUbOnbb4fTk3VAd.jpg,"[{'id': 104228, 'logo_path': '/hx0C1XcSxGgat8N62GpxoJGTkCk.png', 'name': 'Maximum Effort', 'origin_country': 'US'}, {'id': 28788, 'logo_path': '/Aqomtf9oh5dKtxBNEagkdlp3aGv.png', 'name': 'Genre Films', 'origin_country': 'US'}, {'id': 25, 'logo_path': '/qZCc1lty5FzX30aOCVRBLzaVmcp.png', 'name': '20th Century Fox', 'origin_country': 'US'}, {'id': 7505, 'logo_path': '/837VMM4wOkODc1idNxGT0KQJlej.png', 'name': 'Marvel Entertainment', 'origin_country': 'US'}]","[{'iso_3166_1': 'US', 'name': 'United States of America'}]",2018-05-10,785896632,120,"[{'english_name': 'Cantonese', 'iso_639_1': 'cn', 'name': '广州话 / 廣州話'}, {'english_name': 'English', 'iso_639_1': 'en', 'name': 'English'}, {'english_name': 'Russian', 'iso_639_1': 'ru', 'name': 'Pусский'}, {'english_name': 'Spanish', 'iso_639_1': 'es', 'name': 'Español'}]",Released,Prepare for the Second Coming.,Deadpool 2,False,7.491,17328,"['Ryan Reynolds', 'Josh Brolin', 'Morena Baccarin', 'Julian Dennison', 'Zazie Beetz']"
False,/xk2y81O2FljJwuyFP1HoJnCO8ed.jpg,"{'id': 535313, 'name': 'Godzilla Collection', 'poster_path': '/inNN466SKHNjbGmpfhfsaPQNleS.jpg', 'backdrop_path': '/oboBn4VYB79uDxnyIri0Nt3U3N2.jpg'}",150000000,[],https://www.godzillaxkongmovie.com,823464,tt14539740,['US'],en,Godzilla x Kong: The New Empire,"Following their explosive showdown, Godzilla and Kong must reunite against a colossal undiscovered threat hidden within our world, challenging their very existence – and our own.",846.453,/z1p34vh7dEOnLDmyCrlUVLuoDzd.jpg,"[{'id': 923, 'logo_path': '/8M99Dkt23MjQMTTWukq4m5XsEuo.png', 'name': 'Legendary Pictures', 'origin_country': 'US'}]","[{'iso_3166_1': 'US', 'name': 'United States of America'}]",2024-03-27,567156493,115,"[{'english_name': 'English', 'iso_639_1': 'en', 'name': 'English'}]",Released,Rise together or fall alone.,Godzilla x Kong: The New Empire,False,7.189,3274,"['Rebecca Hall', 'Brian Tyree Henry', 'Dan Stevens', 'Kaylee Hottle', 'Alex Ferns']"
False,/j29ekbcLpBvxnGk6LjdTc2EI5SA.jpg,"{'id': 1022790, 'name': 'Inside Out Collection', 'poster_path': '/Apr19lGxP7gm6y2HQX0kqOXTtqC.jpg', 'backdrop_path': '/7U2m2dMSIfHx2gWXKq78Xj1weuH.jpg'}",175000000,[],http://movies.disney.com/inside-out,150540,tt2096673,['US'],en,Inside Out,"When 11-year-old Riley moves to a new city, her Emotions team up to help her through the transition. Joy, Fear, Anger, Disgust and Sadness work together, but when Joy and Sadness get lost, they must journey through unfamiliar places to get back home.",836.174,/2H1TmgdfNtsKlU9jKdeNyYL5y8T.jpg,"[{'id': 3, 'logo_path': '/1TjvGVDMYsj6JBxOAkUHpPEwLf7.png', 'name': 'Pixar', 'origin_country': 'US'}, {'id': 2, 'logo_path': '/wdrCwmRnLFJhEoH8GSfymY85KHT.png', 'name': 'Walt Disney Pictures', 'origin_country': 'US'}]","[{'iso_3166_1': 'US', 'name': 'United States of America'}]",2015-06-17,857611174,95,"[{'english_name': 'English', 'iso_639_1': 'en', 'name': 'English'}]",Released,Meet the little voices inside your head.,Inside Out,False,7.915,21306,"['Amy Poehler', 'Phyllis Smith', 'Richard Kind', 'Bill Hader', 'Lewis Black']"
False,/8fNBsXpgMvqk75SPsZzTmIqSRxY.jpg,,22000000,[],https://www.theexorcismmovie.com/,646683,tt11240348,['US'],en,The Exorcism,"A troubled actor begins to unravel while shooting a supernatural horror film, leading his estranged daughter to wonder if he's slipping back into his past addictions or if there's something more sinister at play.",818.5,/ar2h87jlTfMlrDZefR3VFz1SfgH.jpg,"[{'id': 14, 'logo_path': '/m6AHu84oZQxvq7n1rsvMNJIAsMu.png', 'name': 'Miramax', 'origin_country': 'US'}, {'id': 2180, 'logo_path': None, 'name': 'Outerbanks Entertainment', 'origin_country': 'US'}]","[{'iso_3166_1': 'US', 'name': 'United States of America'}]",2024-05-30,6354317,95,"[{'english_name': 'English', 'iso_639_1': 'en', 'name': 'English'}]",Released,They were making a cursed movie. They were warned not to. They should have listened.,The Exorcism,False,4.6,81,"['Russell Crowe', 'Ryan Simpkins', 'Sam Worthington', 'Chloe Bailey', 'Adam Goldberg']"
False,/xKJTWGvheOMMlTHgrjN18KaD9Ra.jpg,,0,[],,1174618,tt22398528,['GB'],en,Alice in Terrorland,"A recently bereaved teenage girl goes to live with her aunt in a secluded woodland house, unaware that sinister forces lurk within.",799.021,/5XJGvr8g9jkmN6KUIOQOj2iE6K4.jpg,"[{'id': 143001, 'logo_path': None, 'name': 'Hello Princess', 'origin_country': ''}, {'id': 158108, 'logo_path': None, 'name': 'Lytton Bros. Pictures', 'origin_country': ''}]","[{'iso_3166_1': 'GB', 'name': 'United Kingdom'}]",2023-12-26,0,77,"[{'english_name': 'English', 'iso_639_1': 'en', 'name': 'English'}]",Released,,Alice in Terrorland,False,6.13,108,"['Lizzy Willis', 'Rula Lenska', 'Jon-Paul Gates', 'Steve Wraith', 'Lila Sarner']"
False,/qwhnq8pkFEAFXRwmscISOKK90Mu.jpg,,10000000,[],https://www.monkeyman.movie,560016,tt9214772,['US'],en,Monkey Man,"Kid is an anonymous young man who ekes out a meager living in an underground fight club where, night after night, wearing a gorilla mask, he is beaten bloody by more popular fighters for cash. After years of suppressed rage, Kid discovers a way to infiltrate the enclave of the city’s sinister elite. As his childhood trauma boils over, his mysteriously scarred hands unleash an explosive campaign of retribution to settle the score with the men who took everything from him.",784.527,/4lhR4L2vzzjl68P1zJyCH755Oz4.jpg,"[{'id': 3528, 'logo_path': '/cCzCClIzIh81Fa79hpW5nXoUsHK.png', 'name': 'Thunder Road', 'origin_country': 'US'}, {'id': 13240, 'logo_path': '/aTc07YaNHo8WNgkQSnvLmG6w4nW.png', 'name': 'Bron Studios', 'origin_country': 'CA'}, {'id': 88934, 'logo_path': '/5Be96V9WXa7jJInSDPqDOqMBA0o.png', 'name': 'Monkeypaw Productions', 'origin_country': 'US'}, {'id': 219288, 'logo_path': None, 'name': 'Minor Realm', 'origin_country': 'US'}, {'id': 53152, 'logo_path': '/8XHHLy8GGTuHM9JMzYjGqxB6oPa.png', 'name': 'Creative Wealth Media Finance', 'origin_country': 'CA'}, {'id': 100183, 'logo_path': None, 'name': ""S'YA Concept"", 'origin_country': 'SG'}]","[{'iso_3166_1': 'CA', 'name': 'Canada'}, {'iso_3166_1': 'SG', 'name': 'Singapore'}, {'iso_3166_1': 'US', 'name': 'United States of America'}]",2024-04-03,34578510,121,"[{'english_name': 'English', 'iso_639_1': 'en', 'name': 'English'}, {'english_name': 'Hindi', 'iso_639_1': 'hi', 'name': 'हिन्दी'}]",Released,One small ember can burn down everything.,Monkey Man,False,7.051,646,"['Dev Patel', 'Sharlto Copley', 'Pitobash', 'Adithi Kalkunte', 'Sikandar Kher']"
False,/iwkWvcXcP8M4r9HLglhVEhgGyVu.jpg,,0,[],https://www.netflix.com/title/81210788,1001311,tt13964390,['FR'],fr,Sous la Seine,"In order to save Paris from an international bloodbath, a grieving scientist is forced to face her tragic past when a giant shark appears in the Seine.",770.359,/qZPLK5ktRKa3CL4sKRZtj8UlPYc.jpg,"[{'id': 220755, 'logo_path': None, 'name': 'Let Me Be', 'origin_country': 'FR'}]","[{'iso_3166_1': 'FR', 'name': 'France'}]",2024-06-04,0,104,"[{'english_name': 'French', 'iso_639_1': 'fr', 'name': 'Français'}]",Released,Watch out before swim.,Under Paris,False,6.1,945,"['Bérénice Bejo', 'Nassim Lyes', 'Léa Léviant', 'Sandra Parfait', 'Aksel Üstün']"
False,/dbtGinhWWKgQLQ0hjZHMFWxBJcJ.jpg,,0,[],,1159518,tt22805590,['US'],en,Black Noise,"Members of an elite security team deployed to rescue a VIP on an exclusive island.The rescue mission becomes a desperate attempt to survive, escape the island and elude the sinister presence that seeks to harm them.",727.967,/snKpXexv5dtWqEKEmXrJtp8QGQC.jpg,"[{'id': 175756, 'logo_path': None, 'name': 'Sherbone Media', 'origin_country': 'US'}, {'id': 205274, 'logo_path': '/sMovSdUKQGJNuMw7GKdlKQZmD3U.png', 'name': 'MSR Media SKN', 'origin_country': 'KN'}]","[{'iso_3166_1': 'US', 'name': 'United States of America'}]",2023-11-03,0,86,"[{'english_name': 'English', 'iso_639_1': 'en', 'name': 'English'}]",Released,Within the light lies something dark.,Black Noise,False,5.278,18,"['Jackson Rathbone', 'Alex Pettyfer', 'Eve Mauro', 'Ashton Leigh', 'Wayne Gordon']"
False,/uNTciMXpCQDg7gvgMsPCdnxo6Re.jpg,,0,[],,1114738,tt10993078,['US'],en,Boneyard,"After Police Chief Carter discovers the remains of eleven women, FBI Special Agent Petrovick is recruited to profile the serial killer responsible for the infamous ""boneyard"" killings. As the police force, narcotics agency, and FBI lock horns, a tangled web of intrigue turns everyone into a suspect.",651.204,/xkNK36hQv8SWiwiQoE7naRfP0zL.jpg,"[{'id': 133189, 'logo_path': None, 'name': 'Avail Entertainment', 'origin_country': 'US'}, {'id': 198115, 'logo_path': None, 'name': 'One Dollar Studios', 'origin_country': 'US'}, {'id': 198116, 'logo_path': None, 'name': 'The Film Post', 'origin_country': ''}]","[{'iso_3166_1': 'US', 'name': 'United States of America'}]",2024-07-05,0,96,"[{'english_name': 'English', 'iso_639_1': 'en', 'name': 'English'}]",Released,,Boneyard,False,5.728,46,"['Mel Gibson', 'Nora Zehetner', 'Gabrielle Haugh', '50 Cent', 'Brian Van Holt']"
False,/en3GU5uGkKaYmSyetHV4csHHiH3.jpg,,50000000,[],https://a24films.com/films/civil-war,929590,tt17279496,"['GB', 'US']",en,Civil War,"In the near future, a group of war journalists attempt to survive while reporting the truth as the United States stands on the brink of civil war.",639.358,/sh7Rg8Er3tFcN9BpKIPOMvALgZd.jpg,"[{'id': 284, 'logo_path': '/6a26if3IKy7mlrQuGHHVp6ufQtF.png', 'name': 'DNA Films', 'origin_country': 'GB'}, {'id': 142269, 'logo_path': '/ggrWFqk5mPMks0vE3aCy3l9e0dv.png', 'name': 'IPR.VC', 'origin_country': 'FI'}, {'id': 41077, 'logo_path': '/1ZXsGaFPgrgS6ZZGS37AqD5uU12.png', 'name': 'A24', 'origin_country': 'US'}]","[{'iso_3166_1': 'FI', 'name': 'Finland'}, {'iso_3166_1': 'GB', 'name': 'United Kingdom'}, {'iso_3166_1': 'US', 'name': 'United States of America'}]",2024-04-10,121695834,109,"[{'english_name': 'English', 'iso_639_1': 'en', 'name': 'English'}]",Released,Welcome to the frontline.,Civil War,False,6.986,1985,"['Kirsten Dunst', 'Wagner Moura', 'Cailee Spaeny', 'Stephen McKinley Henderson', 'Nelson Lee']"
False,/adAJDB2Au3x5ve2YyWaEYy4EUw.jpg,,0,[],,1191610,tt32598483,['AR'],es,Goyo,"A young autistic museum guide lives by a strict routine — until he falls in love with his coworker and must confront a whirlwind of new, intense emotions.",634.582,/fCjC1RRbEJUpDjM55RNUMXQen0b.jpg,"[{'id': 110888, 'logo_path': '/ApVEmLRyrJtQxhIesrXXi2EQfOP.png', 'name': 'Kuarzo Entertainment Argentina', 'origin_country': 'AR'}, {'id': 120128, 'logo_path': '/9H703SqAOpEZmCj4A7qwGrTVpo3.png', 'name': 'Leyenda', 'origin_country': 'AR'}]","[{'iso_3166_1': 'AR', 'name': 'Argentina'}]",2024-06-27,0,108,"[{'english_name': 'Spanish', 'iso_639_1': 'es', 'name': 'Español'}]",Released,,Goyo,False,6.908,38,"['Nicolás Furtado', 'Nancy Dupláa', 'Soledad Villamil', 'Pablo Rago', 'Cecilia Roth']"
False,/aATi2PtaOQCVAquCym6OU0Z4FjY.jpg,,0,[],https://www.netflix.com/title/81064546,704673,tt5834874,['US'],en,Trigger Warning,A Special Forces commando uncovers a dangerous conspiracy when she returns to her hometown looking for answers into her beloved father's death.,587.083,/lJN24nn28s5afC1UnLPYRgYOp1K.jpg,"[{'id': 3528, 'logo_path': '/cCzCClIzIh81Fa79hpW5nXoUsHK.png', 'name': 'Thunder Road', 'origin_country': 'US'}, {'id': 218228, 'logo_path': None, 'name': 'Mexican Spitfire', 'origin_country': 'US'}]","[{'iso_3166_1': 'US', 'name': 'United States of America'}]",2024-06-20,0,106,"[{'english_name': 'English', 'iso_639_1': 'en', 'name': 'English'}]",Released,Vengeance becomes her.,Trigger Warning,False,5.839,355,"['Jessica Alba', 'Anthony Michael Hall', 'Tone Bell', 'Mark Webber', 'Jake Weary']"
False,/jt86ZDWeo5SuSryi3kzaysf1CWU.jpg,,0,[],,931405,tt17639060,['CN'],zh,小虎墩大英雄,The film follows a young boy who sets out on a mission to try and track down his long lost parents.,550.776,/73PZdKGTj2PkIeBfRhTG5KJBY5X.jpg,"[{'id': 186441, 'logo_path': None, 'name': 'Beijing Kaku Media', 'origin_country': ''}, {'id': 186442, 'logo_path': None, 'name': 'Beijing Xinxi Pictures', 'origin_country': ''}, {'id': 186443, 'logo_path': None, 'name': 'Chengdu Sound U Media Co.', 'origin_country': ''}, {'id': 186444, 'logo_path': None, 'name': 'Chongqing Publishing Group', 'origin_country': ''}, {'id': 186445, 'logo_path': None, 'name': 'Dasheng Times Cultural', 'origin_country': ''}, {'id': 186446, 'logo_path': None, 'name': 'Douyin Culture', 'origin_country': ''}, {'id': 186447, 'logo_path': None, 'name': 'GuangZhou Tongjiatong Education Consulting', 'origin_country': ''}, {'id': 186448, 'logo_path': None, 'name': 'Jash Film', 'origin_country': ''}, {'id': 186449, 'logo_path': None, 'name': 'Qingdao City Media', 'origin_country': ''}, {'id': 186450, 'logo_path': None, 'name': 'Shanghai Huan Ma Culture Media', 'origin_country': ''}, {'id': 186451, 'logo_path': None, 'name': 'Shen Zhen Tongdaodashu Media', 'origin_country': ''}, {'id': 186452, 'logo_path': None, 'name': 'Soular Animation Studios', 'origin_country': ''}, {'id': 186453, 'logo_path': None, 'name': 'Suzhou VSOChina Network Technology Co.', 'origin_country': 'CN'}, {'id': 186454, 'logo_path': None, 'name': 'Zhejiang Shun Produce Co.', 'origin_country': 'CN'}, {'id': 72589, 'logo_path': None, 'name': 'Zhujiang Film Group', 'origin_country': ''}, {'id': 25660, 'logo_path': None, 'name': 'Huaxia Film Distribution', 'origin_country': 'CN'}]","[{'iso_3166_1': 'CN', 'name': 'China'}]",2022-02-01,0,90,"[{'english_name': 'Mandarin', 'iso_639_1': 'zh', 'name': '普通话'}]",Released,,"Run, Tiger Run!",False,7.727,11,"['Nianci Shen', 'Dawei Liang', 'Liang Zou', 'Jianru Zhang', 'Lü Qi']"
False,/1XDDXPXGiI8id7MrUxK36ke7gkX.jpg,"{'id': 77816, 'name': 'Kung Fu Panda Collection', 'poster_path': '/xoYc0RYKSc3xC4S9OpPZxKocKtj.jpg', 'backdrop_path': '/uDosHOFFWtF5YteBRygHALFqLw2.jpg'}",80000000,[],https://www.dreamworks.com/movies/kung-fu-panda-4,1011985,tt21692408,['US'],en,Kung Fu Panda 4,"Po is gearing up to become the spiritual leader of his Valley of Peace, but also needs someone to take his place as Dragon Warrior. As such, he will train a new kung fu practitioner for the spot and will encounter a villain called the Chameleon who conjures villains from the past.",531.93,/kDp1vUBnMpe8ak4rjgl3cLELqjU.jpg,"[{'id': 521, 'logo_path': '/kP7t6RwGz2AvvTkvnI1uteEwHet.png', 'name': 'DreamWorks Animation', 'origin_country': 'US'}]","[{'iso_3166_1': 'US', 'name': 'United States of America'}]",2024-03-02,543900620,94,"[{'english_name': 'English', 'iso_639_1': 'en', 'name': 'English'}]",Released,,Kung Fu Panda 4,False,7.136,2323,"['Jack Black', 'Awkwafina', 'Viola Davis', 'Dustin Hoffman', 'Bryan Cranston']"
False,/wsgni4E1UnBuvFouUUanSdniQi0.jpg,"{'id': 1062948, 'name': 'Twister Collection', 'poster_path': '/9dIAsn4N1t9bQJyNo5Cj8xmflyf.jpg', 'backdrop_path': '/bnb3pWSDihCCeZ0wGlFBbTScyZv.jpg'}",155000000,[],https://www.twisters-movie.com,718821,tt12584954,['US'],en,Twisters,"As storm season intensifies, the paths of former storm chaser Kate Carter and reckless social-media superstar Tyler Owens collide when terrifying phenomena never seen before are unleashed. The pair and their competing teams find themselves squarely in the paths of multiple storm systems converging over central Oklahoma in the fight of their lives.",520.448,/pjnD08FlMAIXsfOLKQbvmO0f0MD.jpg,"[{'id': 33, 'logo_path': '/8lvHyhjr8oUKOOy2dKXoALWKdp0.png', 'name': 'Universal Pictures', 'origin_country': 'US'}, {'id': 174, 'logo_path': '/zhD3hhtKB5qyv7ZeL4uLpNxgMVU.png', 'name': 'Warner Bros. Pictures', 'origin_country': 'US'}, {'id': 56, 'logo_path': '/cEaxANEisCqeEoRvODv2dO1I0iI.png', 'name': 'Amblin Entertainment', 'origin_country': 'US'}, {'id': 216687, 'logo_path': None, 'name': 'Domain Entertainment', 'origin_country': 'US'}]","[{'iso_3166_1': 'US', 'name': 'United States of America'}]",2024-07-10,123000000,123,"[{'english_name': 'English', 'iso_639_1': 'en', 'name': 'English'}]",Released,Chase. Ride. Survive.,Twisters,False,7.25,240,"['Daisy Edgar-Jones', 'Glen Powell', 'Anthony Ramos', 'Brandon Perea', 'Maura Tierney']"
False,/716FGefV5R7drdoCOjJtzbPyyY8.jpg,"{'id': 916357, 'name': 'Jack in the Box Collection', 'poster_path': '/wX1EIWsgweGppgkLh7s5m9Aur6D.jpg', 'backdrop_path': '/tCJRbkzO4XAZpEUkKoImk3BAiz0.jpg'}",0,[],,1207898,tt26628641,['GB'],en,The Jack in the Box: Rises,"When a creepy Jack-in-the-Box is discovered and opened on the grounds of an exclusive girls' school, six brave students soon enter a fight to the finish against the unleashed demon.",518.274,/oDVjlCTSyF6Fh8Fpm683MyGGnSG.jpg,"[{'id': 150062, 'logo_path': None, 'name': 'Fowler Media', 'origin_country': 'GB'}]","[{'iso_3166_1': 'GB', 'name': 'United Kingdom'}]",2024-01-18,0,92,"[{'english_name': 'English', 'iso_639_1': 'en', 'name': 'English'}]",Released,Stronger. Faster. Deadlier...,The Jack in the Box: Rises,False,6.854,65,"['Nicholas Anscombe', 'Isabella Colby Browne', 'Derek Nelson', 'Georgia Conlan', 'James Reynard']"
False,/H5HjE7Xb9N09rbWn1zBfxgI8uz.jpg,,125000000,[],https://www.thefallguymovie.com,746036,tt1684562,['US'],en,The Fall Guy,"Fresh off an almost career-ending accident, stuntman Colt Seavers has to track down a missing movie star, solve a conspiracy and try to win back the love of his life while still doing his day job.",486.126,/tSz1qsmSJon0rqjHBxXZmrotuse.jpg,"[{'id': 121470, 'logo_path': '/zvJFu1C6gB80A98n6IGXBvMtgVl.png', 'name': '87North Productions', 'origin_country': 'US'}, {'id': 78984, 'logo_path': '/vJLYh9YHQaEryuzu7GNUa1zwKG1.png', 'name': 'Entertainment 360', 'origin_country': 'US'}, {'id': 33, 'logo_path': '/8lvHyhjr8oUKOOy2dKXoALWKdp0.png', 'name': 'Universal Pictures', 'origin_country': 'US'}]","[{'iso_3166_1': 'US', 'name': 'United States of America'}]",2024-04-24,177843881,126,"[{'english_name': 'English', 'iso_639_1': 'en', 'name': 'English'}]",Released,Fall hard.,The Fall Guy,False,7.214,1653,"['Ryan Gosling', 'Emily Blunt', 'Aaron Taylor-Johnson', 'Hannah Waddingham', 'Teresa Palmer']"
False,/fZv4EldEPurSz0d2uVIoL4Sng8x.jpg,,6700000,[],,1016346,tt9044418,"['BD', 'US']",bn,MR-9: Do or Die,Elite Bangladeshi CIA agent Masud Rana – codename MR-9 – teams up with an American CIA operative to bring down an international criminal organization headed by a ruthless businessman.,486.048,/yF2g3MDacpZTMywh97qghW6Y0H4.jpg,"[{'id': 24321, 'logo_path': None, 'name': 'Jaaz Multimedia', 'origin_country': 'BD'}, {'id': 141814, 'logo_path': None, 'name': 'Al Bravo Films', 'origin_country': 'US'}, {'id': 133189, 'logo_path': None, 'name': 'Avail Entertainment', 'origin_country': 'US'}, {'id': 151767, 'logo_path': None, 'name': 'Snakebyte Productions and Entertainment Group', 'origin_country': 'US'}, {'id': 86633, 'logo_path': None, 'name': 'Chasing Butterflies Pictures', 'origin_country': ''}, {'id': 198116, 'logo_path': None, 'name': 'The Film Post', 'origin_country': ''}]","[{'iso_3166_1': 'BD', 'name': 'Bangladesh'}, {'iso_3166_1': 'US', 'name': 'United States of America'}]",2023-08-25,7100000,107,"[{'english_name': 'Bengali', 'iso_639_1': 'bn', 'name': 'বাংলা'}, {'english_name': 'English', 'iso_639_1': 'en', 'name': 'English'}]",Released,The world dies tomorrow.,MR-9: Do or Die,False,6.5,125,"['Frank Grillo', 'Michael Jai White', 'Kelly Greyson', 'Matt Passmore', 'Sakshi Pradhan']"
False,/lntyt4OVDbcxA1l7LtwITbrD3FI.jpg,"{'id': 1156666, 'name': 'Fault Collection', 'poster_path': '/cAimhhErEnKdvaZoU6Wtbf38sTS.jpg', 'backdrop_path': '/7N9p8D39MXJDfm14zlBwW7mBh7g.jpg'}",0,[],,1010581,tt21909764,['ES'],es,Culpa mía,"Noah must leave her city, boyfriend, and friends to move into William Leister's mansion, the flashy and wealthy husband of her mother Rafaela. As a proud and independent 17 year old, Noah resists living in a mansion surrounded by luxury. However, it is there where she meets Nick, her new stepbrother, and the clash of their strong personalities becomes evident from the very beginning.",430.745,/w46Vw536HwNnEzOa7J24YH9DPRS.jpg,"[{'id': 32485, 'logo_path': '/fVXreZkiJTOq1cCi6htSQlPSy7R.png', 'name': 'Pokeepsie Films', 'origin_country': 'ES'}, {'id': 20580, 'logo_path': '/oRR9EXVoKP9szDkVKlze5HVJS7g.png', 'name': 'Amazon Studios', 'origin_country': 'US'}]","[{'iso_3166_1': 'ES', 'name': 'Spain'}]",2023-06-08,0,117,"[{'english_name': 'Spanish', 'iso_639_1': 'es', 'name': 'Español'}]",Released,,My Fault,False,8.0,2741,"['Nicole Wallace', 'Gabriel Guevara', 'Marta Hazas', 'Iván Sánchez', 'Eva Ruiz']"
False,/14CUYVEfnen8V3tMrfd71UnwbB4.jpg,,14000000,[],,821499,tt9271850,['US'],en,The Inheritance,"Billionaire Charles Abernathy, on the eve of his 75th birthday, invites his four estranged children back home out of fear that tonight someone – or something – is coming to kill him. To ensure his family will help protect him from whatever’s coming, Abernathy puts each of their inheritances on the line – they’ll get nothing if he’s found dead by dawn.",430.149,/3qQok7BPKVcM0DA9Zu5OeMzzmk6.jpg,[],[],2024-07-12,0,0,"[{'english_name': 'English', 'iso_639_1': 'en', 'name': 'English'}]",Released,,The Inheritance,False,5.5,13,"['Bob Gunton', 'Peyton List', 'Briana Middleton', 'Rachel Nichols', 'Austin Stowell']"
False,/yHEFwHkU2NqRxBrAoGBfuhuqIL1.jpg,,0,[],,1143019,tt28290049,['FR'],fr,Les Infaillibles,"When a gang of robbers provokes chaos in Paris and humiliates the police, the Minister of the Interior wants new blood at the helm of the investigation: Alia is from Marseille, fiery-tempered and unmanageable, Hugo is Parisian, valedictorian and meticulous. In short, they have every reason to hate each other. A forced alliance, for better or for worse, or maybe blossoming into something else?",427.21,/7PoIAvL3Io5v0HyBliXfXZruQTi.jpg,"[{'id': 8906, 'logo_path': '/c5MDqS2UYtK0pTQqtYow7LSBLcS.png', 'name': 'Monkey Pack Films', 'origin_country': 'FR'}, {'id': 208281, 'logo_path': '/hYREaYiVyoGVP26CbDpAWD3wDRD.png', 'name': 'Amazon Studios', 'origin_country': 'FR'}]","[{'iso_3166_1': 'FR', 'name': 'France'}]",2024-06-20,0,99,"[{'english_name': 'French', 'iso_639_1': 'fr', 'name': 'Français'}]",Released,,The Infallibles,False,5.909,66,"['Inès Reg', 'Kévin Debonne', 'Vincent Rottiers', 'Moussa Maaskri', 'François Neycken']"
False,/buawWBeKYjYfeiPoS2jIcjOrghZ.jpg,"{'id': 1321891, 'name': 'In a Violent Nature Collection', 'poster_path': None, 'backdrop_path': None}",600000,[],https://www.inaviolentnature.com,1214509,tt30321146,['CA'],en,In a Violent Nature,"The enigmatic resurrection, rampage, and retribution of an undead monster in a remote wilderness unleashes an iconic new killer after a locket is removed from a collapsed fire tower that entombed its rotting corpse.",426.462,/hPfWHgq07nXbeldwEGxWB4JqwtE.jpg,"[{'id': 142877, 'logo_path': '/c0Qhy9uvdXfvAZQ9e8GnT5Nb75m.png', 'name': 'Shudder', 'origin_country': 'US'}, {'id': 59558, 'logo_path': None, 'name': 'Low Sky Productions', 'origin_country': 'CA'}, {'id': 224036, 'logo_path': None, 'name': 'Zygote Pictures', 'origin_country': 'CA'}]","[{'iso_3166_1': 'CA', 'name': 'Canada'}, {'iso_3166_1': 'US', 'name': 'United States of America'}]",2024-05-31,4258197,94,"[{'english_name': 'English', 'iso_639_1': 'en', 'name': 'English'}]",Released,Nature is unforgiving.,In a Violent Nature,False,5.794,126,"['Ry Barrett', 'Andrea Pavlovic', 'Cameron Love', 'Reece Presley', 'Liam Leone']"
False,/nxxCPRGTzxUH8SFMrIsvMmdxHti.jpg,,110000000,[],https://www.if.movie,639720,tt11152168,['US'],en,IF,A young girl who goes through a difficult experience begins to see everyone's imaginary friends who have been left behind as their real-life friends have grown up.,417.904,/xbKFv4KF3sVYuWKllLlwWDmuZP7.jpg,"[{'id': 4, 'logo_path': '/gz66EfNoYPqHTYI4q9UEN4CbHRc.png', 'name': 'Paramount Pictures', 'origin_country': 'US'}, {'id': 29312, 'logo_path': '/v6aLhoAviWYkfOksBJTd9XbO0YH.png', 'name': 'Sunday Night Productions', 'origin_country': 'US'}, {'id': 104228, 'logo_path': '/hx0C1XcSxGgat8N62GpxoJGTkCk.png', 'name': 'Maximum Effort', 'origin_country': 'US'}]","[{'iso_3166_1': 'US', 'name': 'United States of America'}]",2024-05-08,186240904,104,"[{'english_name': 'English', 'iso_639_1': 'en', 'name': 'English'}]",Released,A story you have to believe to see.,IF,False,7.4,689,"['Cailey Fleming', 'Ryan Reynolds', 'John Krasinski', 'Fiona Shaw', 'Steve Carell']"
False,/5ZSwZPKgcTJJwhxjbOHeoBTVaKh.jpg,,110000000,[],https://www.theknot.com/us/deadpool-and-and-wolverine-2024/,567604,tt31050020,['US'],en,Once Upon a Deadpool,"A kidnapped Fred Savage is forced to endure Deadpool's PG-13 rendition of Deadpool 2 as a Princess Bride-esque story that's full of magic, wonder & zero F's.",415.299,/5Ka49BWWyKMXr93YMbH5wLN7aAM.jpg,"[{'id': 25, 'logo_path': '/qZCc1lty5FzX30aOCVRBLzaVmcp.png', 'name': '20th Century Fox', 'origin_country': 'US'}, {'id': 28788, 'logo_path': '/Aqomtf9oh5dKtxBNEagkdlp3aGv.png', 'name': 'Genre Films', 'origin_country': 'US'}, {'id': 104228, 'logo_path': '/hx0C1XcSxGgat8N62GpxoJGTkCk.png', 'name': 'Maximum Effort', 'origin_country': 'US'}, {'id': 7505, 'logo_path': '/837VMM4wOkODc1idNxGT0KQJlej.png', 'name': 'Marvel Entertainment', 'origin_country': 'US'}]","[{'iso_3166_1': 'US', 'name': 'United States of America'}]",2018-12-11,51349833,118,"[{'english_name': 'English', 'iso_639_1': 'en', 'name': 'English'}]",Released,Yule believe in miracles.,Once Upon a Deadpool,False,7.088,723,"['Ryan Reynolds', 'Josh Brolin', 'Morena Baccarin', 'Julian Dennison', 'Zazie Beetz']"
False,/qwK9soQmmJ7kRdjLZVXblw3g7AQ.jpg,"{'id': 52785, 'name': 'xXx Collection', 'poster_path': '/s13xGJSH3eEWPjSjDvI1iCqkwVg.jpg', 'backdrop_path': '/jSfCi0onZRDxbeg2dPJgB5iAoxX.jpg'}",70000000,[],http://www.sonypictures.com/movies/xxx/,7451,tt0295701,['US'],en,xXx,"Xander Cage is your standard adrenaline junkie with no fear and a lousy attitude. When the US Government ""recruits"" him to go on a mission, he's not exactly thrilled. His mission: to gather information on an organization that may just be planning the destruction of the world, led by the nihilistic Yorgi.",404.113,/xeEw3eLeSFmJgXZzmF2Efww0q3s.jpg,"[{'id': 5, 'logo_path': '/71BqEFAF4V3qjjMPCpLuyJFB9A.png', 'name': 'Columbia Pictures', 'origin_country': 'US'}, {'id': 333, 'logo_path': '/5xUJfzPZ8jWJUDzYtIeuPO4qPIa.png', 'name': 'Original Film', 'origin_country': 'US'}, {'id': 497, 'logo_path': '/wmxHM7w6JxbPwaopC6Sl4QSG2uH.png', 'name': 'Revolution Studios', 'origin_country': 'US'}, {'id': 2882, 'logo_path': None, 'name': 'Neal H. Moritz Productions', 'origin_country': 'US'}]","[{'iso_3166_1': 'US', 'name': 'United States of America'}, {'iso_3166_1': 'CZ', 'name': 'Czech Republic'}]",2002-08-09,277500000,124,"[{'english_name': 'Czech', 'iso_639_1': 'cs', 'name': 'Český'}, {'english_name': 'English', 'iso_639_1': 'en', 'name': 'English'}, {'english_name': 'German', 'iso_639_1': 'de', 'name': 'Deutsch'}, {'english_name': 'Spanish', 'iso_639_1': 'es', 'name': 'Español'}, {'english_name': 'Russian', 'iso_639_1': 'ru', 'name': 'Pусский'}]",Released,A new breed of secret agent.,xXx,False,5.931,4127,"['Vin Diesel', 'Asia Argento', 'Marton Csokas', 'Samuel L. Jackson', 'Michael Roof']"
False,/hU1Q9YVzdYhokr8a9gLywnSUMlN.jpg,"{'id': 822306, 'name': 'Miraculous World', 'poster_path': '/jaQiXB7ZCiW8zUCnuZ7sf73yX4Z.jpg', 'backdrop_path': '/fL266xNoCgTa4rGHzfRdLHpQnJ1.jpg'}",0,[],,1147400,tt29259099,['FR'],fr,"Miraculous World : Paris, Les Aventures de Toxinelle et Griffe Noire","Miraculous holders from another world appear in Paris. They come from a parallel universe where everything is reversed: the holders of Ladybug and Black Cat Miraculouses, Shadybug and Claw Noir, are the bad guys, and the holder of the Butterfly Miraculous, Hesperia, is a superhero. Ladybug and Cat Noir will have to help Hesperia counter the attacks of their evil doubles and prevent them from seizing the Butterfly's Miraculous. Can our heroes also help Hesperia make Shadybug and Claw Noir better people?",401.922,/7Md3nuV0ZprBTnkdR3OrUCEsrSP.jpg,"[{'id': 79650, 'logo_path': None, 'name': 'Zagtoon', 'origin_country': 'FR'}, {'id': 79175, 'logo_path': '/e3uLvwItKgTfzfwansI0ZjtN45N.png', 'name': 'SAMG Animation', 'origin_country': 'KR'}, {'id': 35136, 'logo_path': '/lhGOKiuEls3KiWigu1hbvrqUP68.png', 'name': 'Method Animation', 'origin_country': 'FR'}, {'id': 103374, 'logo_path': '/ApbzfacgrUSGF3r4MUfbnjeso9L.png', 'name': 'The Walt Disney Company EMEA', 'origin_country': 'GB'}, {'id': 20498, 'logo_path': '/f1IuC7TbBHlNHybw2TZn5R1p4sx.png', 'name': 'Télé-Québec', 'origin_country': 'CA'}, {'id': 22123, 'logo_path': '/zPTy6QDAlCKGeAALZoFEL3QAlut.png', 'name': 'TF1', 'origin_country': 'FR'}, {'id': 118295, 'logo_path': '/gQyZpZtbd0wV1lFI84G6Sa2th7T.png', 'name': 'Gloob', 'origin_country': 'BR'}, {'id': 200505, 'logo_path': None, 'name': 'Norman Studio', 'origin_country': 'FR'}]","[{'iso_3166_1': 'CA', 'name': 'Canada'}, {'iso_3166_1': 'FR', 'name': 'France'}, {'iso_3166_1': 'KR', 'name': 'South Korea'}, {'iso_3166_1': 'GB', 'name': 'United Kingdom'}]",2023-10-21,0,48,"[{'english_name': 'French', 'iso_639_1': 'fr', 'name': 'Français'}]",Released,It only takes one decision to become a hero.,"Miraculous World: Paris, Tales of Shadybug and Claw Noir",False,7.365,341,"['Annouck Hautbois', 'Benjamin Bollen', 'Marie Nonnenmacher', 'Thierry Kazazian', 'Fanny Bloc']"
False,/xOMo8BRK7PfcJv9JCnx7s5hj0PX.jpg,"{'id': 726871, 'name': 'Dune Collection', 'poster_path': '/c1AiZTXyyzmPOlTLSubp7CEeYj.jpg', 'backdrop_path': '/ygVSGv86R0BTOKJIb8RQ1sFxs4q.jpg'}",190000000,[],https://www.dunemovie.com,693134,tt15239678,['US'],en,Dune: Part Two,"Follow the mythic journey of Paul Atreides as he unites with Chani and the Fremen while on a path of revenge against the conspirators who destroyed his family. Facing a choice between the love of his life and the fate of the known universe, Paul endeavors to prevent a terrible future only he can foresee.",394.699,/1pdfLvkbY9ohJlCjQH2CZjjYVvJ.jpg,"[{'id': 923, 'logo_path': '/8M99Dkt23MjQMTTWukq4m5XsEuo.png', 'name': 'Legendary Pictures', 'origin_country': 'US'}]","[{'iso_3166_1': 'US', 'name': 'United States of America'}]",2024-02-27,711844359,167,"[{'english_name': 'English', 'iso_639_1': 'en', 'name': 'English'}]",Released,Long live the fighters.,Dune: Part Two,False,8.166,4904,"['Timothée Chalamet', 'Zendaya', 'Rebecca Ferguson', 'Javier Bardem', 'Josh Brolin']"
False,/gsljBGOjBkbuNt3gvIDXQWnudn.jpg,,0,[],https://www.youtube.com/watch?v=Z5ezsReZcxU,558144,tt6612630,['US'],en,Deadpool: No Good Deed,"Deadpool sees an opportunity to save the day, but it doesn't go entirely as planned.",393.236,/wlKU9yB0Q8nfPMakBcSBT0JGS7.jpg,"[{'id': 25, 'logo_path': '/qZCc1lty5FzX30aOCVRBLzaVmcp.png', 'name': '20th Century Fox', 'origin_country': 'US'}]","[{'iso_3166_1': 'US', 'name': 'United States of America'}]",2017-03-03,0,4,"[{'english_name': 'English', 'iso_639_1': 'en', 'name': 'English'}]",Released,,Deadpool: No Good Deed,False,7.147,483,"['Ryan Reynolds', 'Stan Lee']"
False,/2KGxQFV9Wp1MshPBf8BuqWUgVAz.jpg,,72000000,[],https://www.migration.movie,940551,tt6495056,['US'],en,Migration,"After a migrating duck family alights on their pond with thrilling tales of far-flung places, the Mallard family embarks on a family road trip, from New England, to New York City, to tropical Jamaica.",386.42,/ldfCF9RhR40mppkzmftxapaHeTo.jpg,"[{'id': 33, 'logo_path': '/8lvHyhjr8oUKOOy2dKXoALWKdp0.png', 'name': 'Universal Pictures', 'origin_country': 'US'}, {'id': 6704, 'logo_path': '/fOG2oY4m1YuYTQh4bMqqZkmgOAI.png', 'name': 'Illumination', 'origin_country': 'US'}, {'id': 1778, 'logo_path': '/b5rT6VbYza3LyfltCmz1OcqzWJM.png', 'name': 'dentsu', 'origin_country': 'JP'}, {'id': 3341, 'logo_path': '/dTG5dXE1kU2mpmL9BNnraffckLU.png', 'name': 'Fuji Television Network', 'origin_country': 'JP'}]","[{'iso_3166_1': 'US', 'name': 'United States of America'}]",2023-12-06,298776052,83,"[{'english_name': 'English', 'iso_639_1': 'en', 'name': 'English'}]",Released,Odd ducks welcome.,Migration,False,7.46,1575,"['Kumail Nanjiani', 'Elizabeth Banks', 'Caspar Jennings', 'Tresi Gazal', 'Awkwafina']"
False,/oX1tNrdqw7kv564QluIbP9yd47H.jpg,,0,[],http://www.animate-onlineshop.jp/special/vassalord/pc/,444483,tt2998536,['JP'],ja,ヴァッサロード,"Charley, a cyborg vampire who does the Vatican's dirty work, is the thrall of the local vampire playboy Johnny Rayflo. As the two fight crime—and each other—hilarity, violence and sacrilege ensue! But can Charley resist his own desperate cravings for blood? Find out as the devilish duo go up aginst a childlike vampire princess, a mysterious branch of the Unitarian Church...and one another.",381.322,/vyzS55N83jgDtgMeyYJOD7ppYMz.jpg,"[{'id': 529, 'logo_path': '/rwB6w2aPENQbx756pBWSw44Ouk.png', 'name': 'Production I.G', 'origin_country': 'JP'}]","[{'iso_3166_1': 'JP', 'name': 'Japan'}]",2013-03-15,0,28,"[{'english_name': 'Japanese', 'iso_639_1': 'ja', 'name': '日本語'}]",Released,,Vassalord.,False,5.0,10,"['Keiji Fujiwara', 'Ryotaro Okiayu', 'Mai Kadowaki', 'Rina Sato', 'Misa Kobayashi']"
False,/oavbmL3iddJUmC8nQjL6bLHwAP4.jpg,,8000000,[],https://www.tarotmovie.com,719221,tt14088510,['US'],en,Tarot,"When a group of friends recklessly violate the sacred rule of Tarot readings, they unknowingly unleash an unspeakable evil trapped within the cursed cards. One by one, they come face to face with fate and end up in a race against death.",379.248,/gAEUXC37vl1SnM7PXsHTF23I2vq.jpg,"[{'id': 3287, 'logo_path': '/bz6GbCQQXGNE56LTW9dwgksW0Iw.png', 'name': 'Screen Gems', 'origin_country': 'US'}, {'id': 10067, 'logo_path': '/p1kZoVNfkVvk7xyJZEposRxcfh8.png', 'name': 'Alloy Entertainment', 'origin_country': 'US'}, {'id': 95434, 'logo_path': '/iKqEhbzYfb6YHwRlhqcvX1NIZbt.png', 'name': 'Ground Control Entertainment', 'origin_country': 'US'}, {'id': 154063, 'logo_path': '/r4anaxYa8OL5KaUbU35VkrIe88L.png', 'name': 'Capstone Pictures', 'origin_country': 'US'}]","[{'iso_3166_1': 'US', 'name': 'United States of America'}]",2024-05-01,48027934,92,"[{'english_name': 'English', 'iso_639_1': 'en', 'name': 'English'}]",Released,Your fate is in the cards.,Tarot,False,6.707,714,"['Harriet Slater', 'Adain Bradley', 'Avantika', 'Jacob Batalon', 'Humberly González']"
False,/6HpRZeA0JdY5fRgl89KKExsvvwR.jpg,,0,[],https://www.disneyplus.com/movies/young-woman-and-the-sea/7RtNXnCiH1PG,774531,tt5177114,['US'],en,Young Woman and the Sea,"This is the extraordinary true story of Trudy Ederle, the first woman to successfully swim the English Channel. Through the steadfast support of her older sister and supportive trainers, she overcame adversity and the animosity of a patriarchal society to rise through the ranks of the Olympic swimming team and complete the 21-mile trek from France to England.",371.524,/bZlecCuBVvKuarNGvchBwaOsQ3c.jpg,"[{'id': 2, 'logo_path': '/wdrCwmRnLFJhEoH8GSfymY85KHT.png', 'name': 'Walt Disney Pictures', 'origin_country': 'US'}, {'id': 130, 'logo_path': '/c9dVHPOL3cqCr2593Ahk0nEKTEM.png', 'name': 'Jerry Bruckheimer Films', 'origin_country': 'US'}]","[{'iso_3166_1': 'US', 'name': 'United States of America'}]",2024-05-31,581725,129,"[{'english_name': 'English', 'iso_639_1': 'en', 'name': 'English'}]",Released,Defy the odds.,Young Woman and the Sea,False,7.755,102,"['Daisy Ridley', 'Tilda Cobham-Hervey', 'Stephen Graham', 'Kim Bodnia', 'Jeanette Hain']"
False,/Ahn9zBmRImn0uJ17IuQugjywQZB.jpg,,0,[],,959098,tt16740144,['FR'],fr,Le Dernier Jaguar,"Grown up in the Amazon rainforest, Autumn lives with Hope, the cute baby jaguar she adopted. However, a circumstance forces Autumn to return to New York. Autumn goes back into the jungle to save Hope from grave danger.",367.153,/ocHu00nOZzK0m9BsFdrFg3SglS0.jpg,"[{'id': 73974, 'logo_path': None, 'name': 'Mai Juin Productions', 'origin_country': 'FR'}]","[{'iso_3166_1': 'FR', 'name': 'France'}]",2024-02-01,0,100,"[{'english_name': 'English', 'iso_639_1': 'en', 'name': 'English'}, {'english_name': 'French', 'iso_639_1': 'fr', 'name': 'Français'}]",Released,,Autumn and the Black Jaguar,False,5.6,29,"['Lumi Pollack', 'Emily Bett Rickards', 'Wayne Charles Baker', 'Paul Greene', 'Kelly Hope Taylor']"
